player_name,year,target_points,datapoints,points,passing_attempts,passing_completions,passing_yards,passing_touchdowns,passing_interceptions,passing_two_points,rushing_attempts,rushing_yards,rushing_touchdowns,rushing_two_points,receiving_receptions,receiving_yards,receiving_touchdowns,receiving_two_points,fumble_fumbles,fumble_touchdowns
Peyton Manning,2010,,16,21.625,42.4375,28.125,293.75,2.0625,1.0625,0.0,1.125,1.125,0.0,0.0,0.0,0.0,0.0,0.0,0.0625,0.0
Peyton Manning,2011,23.75,0,,,,,,,,,,,,,,,,,
Peyton Manning,2012,32.625,16,23.75,36.4375,25.0,291.1875,2.3125,0.6875,0.0625,1.4375,0.375,0.0,0.0,0.0,0.0,0.0,0.0,0.125,0.0
Peyton Manning,2013,24.1875,16,32.625,41.1875,28.125,342.3125,3.4375,0.625,0.0,2.0,-1.9375,0.0625,0.0,0.0,0.0,0.0,0.0,0.375,0.0
Tom Brady,2010,27.0,16,22.625,30.75,20.25,243.75,2.25,0.25,0.0,1.9375,1.875,0.0625,0.0,0.0,0.0,0.0,0.0,0.0625,0.0
Tom Brady,2011,24.8125,16,27.0,38.1875,25.0625,327.1875,2.4375,0.75,0.0,2.6875,6.8125,0.1875,0.0,0.0,0.0,0.0,0.0,0.125,0.0
Tom Brady,2012,18.375,16,24.8125,39.8125,25.0625,301.6875,2.125,0.5,0.0,1.4375,2.0,0.25,0.0,0.0,0.0,0.0,0.0,0.0,0.0
Tom Brady,2013,21.0,16,18.375,39.25,23.75,271.4375,1.5625,0.6875,0.125,2.0,1.125,0.0,0.0,0.0,0.0,0.0,0.0,0.1875,0.0
David Garrard,2010,,13,19.923076923076923,27.23076923076923,17.615384615384617,206.53846153846155,1.7692307692307692,1.0769230769230769,0.0,5.076923076923077,21.46153846153846,0.38461538461538464,0.0,0.0,0.0,0.0,0.0,0.3076923076923077,0.0
David Garrard,2011,,0,,,,,,,,,,,,,,,,,
David Garrard,2012,,0,,,,,,,,,,,,,,,,,
David Garrard,2013,,0,,,,,,,,,,,,,,,,,
Jay Cutler,2010,15.9,14,17.857142857142858,30.071428571428573,18.071428571428573,230.85714285714286,1.6428571428571428,1.0714285714285714,0.07142857142857142,3.5714285714285716,16.571428571428573,0.07142857142857142,0.0,0.0,0.0,0.0,0.0,0.35714285714285715,0.0
Jay Cutler,2011,15.285714285714286,10,15.9,31.4,18.2,231.9,1.3,0.7,0.0,1.8,5.5,0.1,0.0,0.0,0.0,0.0,0.0,0.3,0.0
Jay Cutler,2012,20.2,14,15.285714285714286,30.0,17.714285714285715,213.78571428571428,1.3571428571428572,0.8571428571428571,0.0,2.7142857142857144,14.0,0.0,0.0,0.0,0.0,0.0,0.0,0.2857142857142857,0.0
Jay Cutler,2013,20.4,10,20.2,34.7,22.1,259.3,1.9,1.1,0.3,2.3,11.8,0.0,0.0,0.0,0.0,0.0,0.0,0.3,0.0
Michael Vick,2010,20.153846153846153,12,28.75,31.0,19.416666666666668,251.5,1.75,0.5,0.08333333333333333,8.333333333333334,56.333333333333336,0.75,0.0,0.0,0.0,0.0,0.0,0.25,0.0
Michael Vick,2011,16.9,13,20.153846153846153,32.53846153846154,19.46153846153846,254.07692307692307,1.3846153846153846,1.0769230769230769,0.0,5.846153846153846,45.30769230769231,0.07692307692307693,0.0,0.0,0.0,0.0,0.0,0.3076923076923077,0.0
Michael Vick,2012,22.0,10,16.9,35.1,20.4,236.2,1.2,1.0,0.0,6.2,33.2,0.1,0.0,0.0,0.0,0.0,0.0,0.5,0.0
Michael Vick,2013,9.0,5,22.0,26.4,14.2,237.0,1.0,0.4,0.0,6.6,61.4,0.4,0.0,0.0,-0.4,0.0,0.0,0.4,0.0
Philip Rivers,2010,19.0625,16,20.875,33.8125,22.3125,294.375,1.875,0.8125,0.0625,1.8125,3.25,0.0,0.0,0.0,0.0,0.0,0.0,0.25,0.0
Philip Rivers,2011,16.1875,16,19.0625,36.375,22.875,289.0,1.6875,1.25,0.0625,1.625,2.25,0.0625,0.0,0.0,0.0,0.0,0.0,0.3125,0.0
Philip Rivers,2012,21.375,16,16.1875,32.9375,21.125,225.375,1.625,0.9375,0.0,1.6875,2.5,0.0,0.0,0.0,0.0,0.0,0.0,0.4375,0.0
Philip Rivers,2013,21.333333333333332,16,21.375,34.0,23.625,279.875,2.0,0.6875,0.0,1.75,4.5,0.0,0.0,0.0,-0.5625,0.0,0.0,0.125,0.0
Carson Palmer,2010,17.555555555555557,16,16.6875,36.625,22.625,248.125,1.625,1.25,0.0625,2.0,3.125,0.0,0.0,0.0,0.0,0.0,0.0,0.1875,0.0
Carson Palmer,2011,17.533333333333335,9,17.555555555555557,34.111111111111114,21.22222222222222,293.0,1.4444444444444444,1.4444444444444444,0.0,1.7777777777777777,2.2222222222222223,0.1111111111111111,0.0,0.0,0.0,0.0,0.0,0.1111111111111111,0.0
Carson Palmer,2012,16.25,15,17.533333333333335,37.666666666666664,23.0,267.8666666666667,1.4666666666666666,0.9333333333333333,0.13333333333333333,1.2,2.4,0.06666666666666667,0.0,0.0,0.0,0.0,0.0,0.3333333333333333,0.0
Carson Palmer,2013,20.666666666666668,16,16.25,35.75,22.625,267.125,1.5,1.375,0.0,1.6875,0.1875,0.0,0.0,0.0,0.0,0.0,0.0,0.1875,0.0
Eli Manning,2010,20.9375,16,18.0,33.6875,21.1875,250.0,1.9375,1.5625,0.0,2.0,4.375,0.0,0.0,0.0,0.0,0.0,0.0,0.3125,0.0
Eli Manning,2011,17.3125,16,20.9375,36.8125,22.4375,308.3125,1.8125,1.0,0.0,2.1875,0.9375,0.0625,0.0,0.0,0.0,0.0,0.0,0.25,0.0
Eli Manning,2012,13.6,16,17.3125,33.5,20.0625,246.75,1.625,0.9375,0.0,1.25,1.875,0.0,0.0,0.0,0.0,0.0,0.0,0.0625,0.0
Eli Manning,2013,20.4375,15,13.6,34.666666666666664,19.933333333333334,244.13333333333333,1.2,1.4666666666666666,0.0,1.2,2.4,0.0,0.0,0.0,0.0,0.0,0.0,0.13333333333333333,0.0
Matt Hasselbeck,2010,13.4375,13,13.076923076923077,32.84615384615385,19.692307692307693,225.3846153846154,0.9230769230769231,1.1538461538461537,0.0,1.6153846153846154,4.3076923076923075,0.23076923076923078,0.0,0.0,0.0,0.0,0.0,0.3076923076923077,0.0
Matt Hasselbeck,2011,12.571428571428571,16,13.4375,32.375,19.9375,223.1875,1.125,0.875,0.0,1.25,3.25,0.0,0.0,0.0,0.0,0.0,0.0,0.0625,0.0
Matt Hasselbeck,2012,1.0,7,12.571428571428571,31.428571428571427,19.714285714285715,195.28571428571428,1.0,0.7142857142857143,0.14285714285714285,1.4285714285714286,5.857142857142857,0.0,0.0,0.0,0.0,0.0,0.0,0.14285714285714285,0.0
Matt Hasselbeck,2013,11.0,2,1.0,3.5,2.5,31.0,0.0,0.0,0.0,0.5,-0.5,0.0,0.0,0.0,0.0,0.0,0.0,0.0,0.0
Vince Young,2010,16.333333333333332,8,13.375,18.25,10.75,148.625,1.25,0.125,0.0,2.875,14.125,0.0,0.0,0.0,0.0,0.0,0.0,0.375,0.0
Vince Young,2011,,3,16.333333333333332,37.666666666666664,22.0,288.6666666666667,1.3333333333333333,2.6666666666666665,0.0,5.666666666666667,25.666666666666668,0.0,0.0,0.0,0.0,0.0,0.0,0.0,0.0
Vince Young,2012,,0,,,,,,,,,,,,,,,,,
Vince Young,2013,,0,,,,,,,,,,,,,,,,,
Josh Freeman,2010,15.133333333333333,16,18.6875,29.625,18.1875,215.6875,1.5625,0.375,0.0,4.25,22.75,0.0,0.0625,0.0,0.0,0.0,0.0,0.1875,0.0
Josh Freeman,2011,18.0625,15,15.133333333333333,36.733333333333334,23.066666666666666,239.46666666666667,1.0666666666666667,1.4666666666666666,0.13333333333333333,3.6666666666666665,15.866666666666667,0.26666666666666666,0.0,0.0,-0.26666666666666666,0.0,0.0,0.3333333333333333,0.0
Josh Freeman,2012,8.25,16,18.0625,34.875,19.125,254.0625,1.6875,1.0625,0.0625,2.4375,8.6875,0.0,0.0,0.0,0.0,0.0,0.0,0.125,0.0
Josh Freeman,2013,,4,8.25,36.75,15.75,190.25,0.5,1.0,0.0,1.25,5.0,0.0,0.0,0.0,0.0,0.0,0.0,0.25,0.0
Tony Romo,2010,22.0,6,19.5,35.5,24.666666666666668,267.5,1.8333333333333333,1.1666666666666667,0.0,1.0,6.333333333333333,0.0,0.0,0.0,1.8333333333333333,0.0,0.0,0.0,0.0
Tony Romo,2011,20.625,15,22.0,34.666666666666664,23.066666666666666,278.93333333333334,2.066666666666667,0.6666666666666666,0.0,1.4666666666666666,3.066666666666667,0.06666666666666667,0.0,0.0,0.0,0.0,0.0,0.2,0.0
Tony Romo,2012,21.0,16,20.625,40.5,26.5625,306.4375,1.75,1.1875,0.0625,1.875,3.0625,0.0625,0.0625,0.0625,-0.0625,0.0,0.0,0.1875,0.0
Tony Romo,2013,21.933333333333334,15,21.0,35.666666666666664,22.8,255.2,2.066666666666667,0.6666666666666666,0.06666666666666667,1.3333333333333333,2.533333333333333,0.0,0.0,0.0,0.0,0.0,0.0,0.06666666666666667,0.0
Kyle Orton,2010,14.571428571428571,12,20.416666666666668,38.083333333333336,22.833333333333332,290.5833333333333,1.6666666666666667,0.5,0.0,1.6666666666666667,7.75,0.0,0.0,0.0,0.0,0.0,0.0,0.25,0.0
Kyle Orton,2011,11.0,7,14.571428571428571,34.0,20.571428571428573,246.28571428571428,1.2857142857142858,1.1428571428571428,0.0,1.4285714285714286,2.0,0.0,0.0,0.0,0.0,0.0,0.0,0.2857142857142857,0.0
Kyle Orton,2012,11.5,1,11.0,10.0,9.0,89.0,1.0,0.0,1.0,0.0,0.0,0.0,0.0,0.0,0.0,0.0,0.0,0.0,0.0
Kyle Orton,2013,17.5,2,11.5,25.5,16.5,199.0,1.0,1.0,0.0,0.5,4.0,0.0,0.0,0.0,0.0,0.0,0.0,0.0,0.0
Derek Anderson,2010,,10,9.9,31.1,16.1,199.5,0.7,0.8,0.1,0.5,2.5,0.0,0.0,0.0,0.0,0.0,0.0,0.3,0.0
Derek Anderson,2011,1.0,0,,,,,,,,,,,,,,,,,
Derek Anderson,2012,,1,1.0,3.0,3.0,46.0,0.0,0.0,0.0,0.0,0.0,0.0,0.0,0.0,0.0,0.0,0.0,0.0,0.0
Derek Anderson,2013,11.6,0,,,,,,,,,,,,,,,,,
Aaron Rodgers,2010,31.666666666666668,15,23.266666666666666,31.666666666666668,20.8,261.46666666666664,1.8666666666666667,0.7333333333333333,0.0,4.266666666666667,23.733333333333334,0.26666666666666666,0.0,0.0,0.0,0.0,0.0,0.06666666666666667,0.0
Aaron Rodgers,2011,25.6875,15,31.666666666666668,33.46666666666667,22.866666666666667,309.53333333333336,3.0,0.4,0.0,4.0,17.133333333333333,0.2,0.0,0.0,0.0,0.0,0.0,0.0,0.0
Aaron Rodgers,2012,21.77777777777778,16,25.6875,34.5,23.1875,268.4375,2.4375,0.5,0.0625,3.375,16.1875,0.125,0.0,0.0625,-0.0625,0.0,0.0,0.25,0.0
Aaron Rodgers,2013,26.25,9,21.77777777777778,32.22222222222222,21.444444444444443,281.77777777777777,1.8888888888888888,0.6666666666666666,0.0,3.3333333333333335,13.333333333333334,0.0,0.0,0.0,0.0,0.0,0.0,0.0,0.0
Drew Brees,2010,29.5625,16,20.6875,41.125,28.0,288.75,2.0625,1.375,0.0,1.125,-0.1875,0.0,0.0,0.0625,0.4375,0.0,0.0,0.125,0.0
Drew Brees,2011,26.5,16,29.5625,41.0625,29.25,342.25,2.875,0.875,0.125,1.3125,5.375,0.0625,0.0,0.0,0.0,0.0,0.0,0.0625,0.0
Drew Brees,2012,26.75,16,26.5,41.875,26.375,323.5625,2.6875,1.1875,0.0,0.9375,0.3125,0.0625,0.0,0.0,0.0,0.0,0.0,0.0625,0.0
Drew Brees,2013,22.4375,16,26.75,40.625,27.875,322.625,2.4375,0.75,0.0,2.1875,3.25,0.1875,0.0,0.0,0.0,0.0,0.0,0.125,0.0
Jason Campbell,2010,14.5,12,14.583333333333334,25.833333333333332,15.583333333333334,193.08333333333334,1.0833333333333333,0.5833333333333334,0.0,3.9166666666666665,18.5,0.08333333333333333,0.0,0.08333333333333333,0.08333333333333333,0.0,0.0,0.08333333333333333,0.0
Jason Campbell,2011,6.0,6,14.5,27.5,16.666666666666668,195.0,1.0,0.6666666666666666,0.0,3.0,10.0,0.3333333333333333,0.0,0.0,0.0,0.0,0.0,0.16666666666666666,0.0
Jason Campbell,2012,16.375,3,6.0,16.666666666666668,10.333333333333334,88.33333333333333,0.6666666666666666,0.6666666666666666,0.0,1.0,8.666666666666666,0.0,0.0,0.0,0.0,0.0,0.0,0.0,0.0
Jason Campbell,2013,1.0,8,16.375,39.125,22.375,251.125,1.375,1.0,0.0,1.75,13.375,0.0,0.0,0.0,0.0,0.0,0.0,0.25,0.0
Trent Edwards,2010,,4,6.25,25.25,13.75,130.25,0.5,1.25,0.0,3.5,14.5,0.0,0.0,0.0,0.0,0.0,0.0,0.0,0.0
Trent Edwards,2011,,0,,,,,,,,,,,,,,,,,
Trent Edwards,2012,,0,,,,,,,,,,,,,,,,,
Trent Edwards,2013,,0,,,,,,,,,,,,,,,,,
Jake Delhomme,2010,13.0,3,10.0,35.333333333333336,22.666666666666668,229.66666666666666,0.6666666666666666,1.3333333333333333,0.0,2.3333333333333335,-0.6666666666666666,0.0,0.0,0.0,0.0,0.0,0.0,0.0,0.0
Jake Delhomme,2011,,1,13.0,28.0,18.0,211.0,1.0,0.0,0.0,0.0,0.0,0.0,0.0,0.0,0.0,0.0,0.0,1.0,0.0
Jake Delhomme,2012,,0,,,,,,,,,,,,,,,,,
Jake Delhomme,2013,,0,,,,,,,,,,,,,,,,,
Brett Favre,2010,,12,9.916666666666666,29.75,18.083333333333332,209.08333333333334,0.9166666666666666,1.5,0.0,1.4166666666666667,0.6666666666666666,0.0,0.0,0.0,0.0,0.0,0.0,0.4166666666666667,0.0
Brett Favre,2011,,0,,,,,,,,,,,,,,,,,
Brett Favre,2012,,0,,,,,,,,,,,,,,,,,
Brett Favre,2013,,0,,,,,,,,,,,,,,,,,
Sam Bradford,2010,10.3,16,13.625,36.875,22.125,219.5,1.125,0.9375,0.0,1.6875,3.9375,0.0625,0.0,0.0,0.0,0.0,0.0,0.125,0.0
Sam Bradford,2011,16.4375,10,10.3,35.7,19.1,216.4,0.6,0.6,0.0,1.8,2.6,0.0,0.0,0.0,0.0,0.0,0.0,0.7,0.0
Sam Bradford,2012,20.428571428571427,16,16.4375,34.4375,20.5,231.375,1.3125,0.8125,0.25,2.3125,7.9375,0.0625,0.0,0.0,0.0,0.0,0.0,0.0625,0.0
Sam Bradford,2013,,7,20.428571428571427,37.42857142857143,22.714285714285715,241.0,2.0,0.5714285714285714,0.0,2.142857142857143,4.428571428571429,0.0,0.14285714285714285,0.0,0.0,0.0,0.0,0.14285714285714285,0.0
Matt Schaub,2010,18.2,16,18.0,35.875,22.8125,273.125,1.5,0.75,0.0625,1.375,1.75,0.0,0.0,0.0,0.0,0.0,0.0,0.1875,0.0
Matt Schaub,2011,16.375,10,18.2,29.2,17.8,247.9,1.5,0.6,0.0,1.5,0.9,0.2,0.0,0.0,0.0,0.0,0.0,0.1,0.0
Matt Schaub,2012,13.11111111111111,16,16.375,34.0,21.875,250.5,1.375,0.75,0.0,1.3125,-0.5625,0.0,0.0,0.0625,-0.375,0.0,0.0,0.0,0.0
Matt Schaub,2013,,9,13.11111111111111,35.888888888888886,22.22222222222222,237.44444444444446,1.1111111111111112,1.2222222222222223,0.0,0.5555555555555556,2.6666666666666665,0.0,0.0,0.0,0.0,0.0,0.0,0.1111111111111111,0.0
Matt Ryan,2010,20.0625,16,18.5625,35.6875,22.3125,231.5625,1.75,0.5625,0.125,2.875,7.625,0.0,0.0,0.0,0.0,0.0,0.0,0.1875,0.0
Matt Ryan,2011,22.3125,16,20.0625,35.375,21.6875,261.0625,1.8125,0.75,0.0,2.3125,5.25,0.125,0.0,0.0,0.0,0.0,0.0,0.1875,0.0
Matt Ryan,2012,18.4375,16,22.3125,38.4375,26.375,294.9375,2.0,0.875,0.0,2.125,8.8125,0.0625,0.0,0.0,0.0,0.0,0.0,0.125,0.0
Matt Ryan,2013,20.375,16,18.4375,40.6875,27.4375,282.1875,1.625,1.0625,0.0,1.0625,3.4375,0.0,0.0,0.0,0.0,0.0,0.0,0.25,0.0
Matt Cassel,2010,14.375,14,19.428571428571427,29.785714285714285,17.928571428571427,214.35714285714286,1.9285714285714286,0.35714285714285715,0.0,2.357142857142857,8.928571428571429,0.0,0.0,0.0,0.0,0.0,0.0,0.07142857142857142,0.0
Matt Cassel,2011,11.625,8,14.375,30.875,18.125,197.5,1.25,0.75,0.0,3.125,12.375,0.0,0.0,0.125,-0.5,0.0,0.0,0.125,0.0
Matt Cassel,2012,13.555555555555555,8,11.625,32.75,19.0,213.0,0.75,1.25,0.0,2.875,16.375,0.125,0.0,0.0,0.0,0.0,0.0,0.625,0.0
Matt Cassel,2013,9.0,9,13.555555555555555,28.22222222222222,17.0,200.77777777777777,1.2222222222222223,1.0,0.0,2.0,6.333333333333333,0.1111111111111111,0.0,0.0,0.0,0.0,0.0,0.1111111111111111,0.0
Matt Moore,2010,14.076923076923077,4,11.0,31.75,17.75,202.25,1.25,2.0,0.0,1.25,6.25,0.0,0.0,0.0,0.0,0.0,0.0,0.5,0.0
Matt Moore,2011,11.0,13,14.076923076923077,26.692307692307693,16.153846153846153,192.07692307692307,1.2307692307692308,0.6923076923076923,0.0,2.4615384615384617,5.0,0.15384615384615385,0.0,0.0,0.0,0.0,0.0,0.46153846153846156,0.0
Matt Moore,2012,,1,11.0,19.0,11.0,131.0,1.0,0.0,0.0,4.0,-4.0,0.0,0.0,0.0,0.0,0.0,0.0,0.0,0.0
Matt Moore,2013,,0,,,,,,,,,,,,,,,,,
Donovan McNabb,2010,11.666666666666666,13,14.923076923076923,36.30769230769231,21.153846153846153,259.7692307692308,1.0769230769230769,1.1538461538461537,0.0,2.230769230769231,11.615384615384615,0.0,0.0,0.0,0.0,0.0,0.0,0.07692307692307693,0.0
Donovan McNabb,2011,,6,11.666666666666666,26.0,15.666666666666666,171.0,0.6666666666666666,0.3333333333333333,0.0,2.3333333333333335,9.833333333333334,0.16666666666666666,0.0,0.0,0.0,0.0,0.0,0.0,0.0
Donovan McNabb,2012,,0,,,,,,,,,,,,,,,,,
Donovan McNabb,2013,,0,,,,,,,,,,,,,,,,,
Chad Henne,2010,21.666666666666668,14,12.785714285714286,33.857142857142854,21.071428571428573,230.71428571428572,1.0714285714285714,1.2857142857142858,0.0,2.5,3.7142857142857144,0.0,0.0,0.0,0.0,0.0,0.0,0.14285714285714285,0.0
Chad Henne,2011,14.444444444444445,3,21.666666666666668,36.0,20.333333333333332,280.3333333333333,1.3333333333333333,1.0,0.0,4.666666666666667,37.0,0.3333333333333333,0.0,0.0,0.0,0.0,0.0,0.0,0.0
Chad Henne,2012,11.866666666666667,9,14.444444444444445,34.0,18.22222222222222,229.0,1.2222222222222223,1.2222222222222223,0.0,2.0,7.111111111111111,0.1111111111111111,0.0,0.1111111111111111,-0.6666666666666666,0.0,0.0,0.1111111111111111,0.0
Chad Henne,2013,11.333333333333334,15,11.866666666666667,33.53333333333333,20.333333333333332,216.06666666666666,0.8666666666666667,0.9333333333333333,0.0,1.8,5.133333333333334,0.0,0.0,0.0,0.0,0.0,0.0,0.0,0.0
Dennis Dixon,2010,,2,4.0,16.0,11.0,127.0,0.0,0.5,0.0,2.5,16.0,0.0,0.0,0.0,0.0,0.0,0.0,0.5,0.0
Dennis Dixon,2011,,0,,,,,,,,,,,,,,,,,
Dennis Dixon,2012,,0,,,,,,,,,,,,,,,,,
Dennis Dixon,2013,,0,,,,,,,,,,,,,,,,,
Joe Flacco,2010,15.0625,16,17.1875,30.5625,19.125,226.375,1.5625,0.625,0.0,2.6875,5.25,0.0625,0.0,0.0,0.0,0.0,0.0,0.25,0.0
Joe Flacco,2011,17.1875,16,15.0625,33.875,19.5,225.625,1.25,0.75,0.0,2.4375,5.5,0.0625,0.0,0.0625,-0.5,0.0,0.0,0.375,0.0
Joe Flacco,2012,14.625,16,17.1875,33.1875,19.8125,238.5625,1.375,0.625,0.0625,2.0,1.375,0.1875,0.0,0.0,0.0,0.0,0.0,0.25,0.0
Joe Flacco,2013,18.9375,16,14.625,38.375,22.625,244.5,1.1875,1.375,0.125,1.6875,8.1875,0.0625,0.0,0.0,0.0,0.0,0.0,0.125,0.0
Matthew Stafford,2010,26.0,3,20.666666666666668,32.0,19.0,178.33333333333334,2.0,0.3333333333333333,0.3333333333333333,1.3333333333333333,3.6666666666666665,0.3333333333333333,0.0,0.0,0.0,0.0,0.0,0.3333333333333333,0.0
Matthew Stafford,2011,19.1875,16,26.0,41.4375,26.3125,314.875,2.5625,1.0,0.125,1.375,4.875,0.0,0.0,0.0,0.0,0.0,0.0,0.0625,0.0
Matthew Stafford,2012,20.5625,16,19.1875,45.4375,27.1875,310.4375,1.25,1.0625,0.0625,2.1875,7.875,0.25,0.0,0.0625,0.1875,0.0,0.0,0.25,0.0
Matthew Stafford,2013,17.75,16,20.5625,39.625,23.1875,290.625,1.8125,1.1875,0.125,2.3125,4.3125,0.125,0.0,0.0,0.0,0.0,0.0,0.25,0.0
Mark Sanchez,2010,19.2,15,15.066666666666666,33.8,18.533333333333335,219.4,1.1333333333333333,0.8666666666666667,0.06666666666666667,2.0,7.0,0.2,0.0,0.0,0.0,0.0,0.0,0.06666666666666667,0.0
Mark Sanchez,2011,10.571428571428571,15,19.2,33.86666666666667,19.8,223.66666666666666,1.7333333333333334,1.1333333333333333,0.0,2.2666666666666666,6.666666666666667,0.4,0.0,0.0,0.0,0.0,0.0,0.3333333333333333,0.0
Mark Sanchez,2012,,14,10.571428571428571,30.857142857142858,16.857142857142858,199.0,0.9285714285714286,1.0714285714285714,0.0,1.5,1.8571428571428572,0.0,0.0,0.0,0.0,0.0,0.0,0.5714285714285714,0.0
Mark Sanchez,2013,18.11111111111111,0,,,,,,,,,,,,,,,,,
Shaun Hill,2010,1.0,10,18.5,39.7,24.8,259.8,1.6,1.1,0.1,1.9,12.7,0.0,0.0,0.0,0.0,0.0,0.0,0.0,0.0
Shaun Hill,2011,18.0,1,1.0,1.0,1.0,28.0,0.0,0.0,0.0,0.0,0.0,0.0,0.0,0.0,0.0,0.0,0.0,0.0,0.0
Shaun Hill,2012,,1,18.0,13.0,10.0,172.0,2.0,0.0,0.0,1.0,-1.0,0.0,0.0,0.0,0.0,0.0,0.0,0.0,0.0
Shaun Hill,2013,12.75,0,,,,,,,,,,,,,,,,,
Seneca Wallace,2010,9.0,4,11.5,25.0,15.75,173.25,1.0,0.5,0.0,1.75,2.25,0.0,0.0,0.0,0.0,0.0,0.0,0.0,0.0
Seneca Wallace,2011,,4,9.0,26.25,13.25,137.5,0.5,0.5,0.0,1.75,17.5,0.0,0.0,0.25,5.25,0.0,0.0,0.25,0.0
Seneca Wallace,2012,1.5,0,,,,,,,,,,,,,,,,,
Seneca Wallace,2013,,2,1.5,12.0,8.0,69.5,0.0,0.5,0.0,0.0,0.0,0.0,0.0,0.0,0.0,0.0,0.0,0.0,0.0
Bruce Gradkowski,2010,9.0,5,11.6,30.0,16.4,209.0,1.0,1.4,0.0,2.4,8.2,0.0,0.0,0.0,0.0,0.0,0.0,0.2,0.0
Bruce Gradkowski,2011,2.0,1,9.0,12.0,5.0,92.0,1.0,0.0,0.0,2.0,0.0,0.0,0.0,0.0,0.0,0.0,0.0,0.0,0.0
Bruce Gradkowski,2012,,1,2.0,11.0,5.0,65.0,0.0,0.0,0.0,3.0,-2.0,0.0,0.0,0.0,0.0,0.0,0.0,0.0,0.0
Bruce Gradkowski,2013,,0,,,,,,,,,,,,,,,,,
Kerry Collins,2010,8.0,10,13.6,27.8,16.0,182.3,1.4,0.8,0.1,1.0,0.1,0.0,0.0,0.0,0.0,0.0,0.0,0.3,0.0
Kerry Collins,2011,,3,8.0,32.666666666666664,16.0,160.33333333333334,0.6666666666666666,0.3333333333333333,0.0,0.6666666666666666,-0.3333333333333333,0.0,0.0,0.0,0.0,0.0,0.0,1.0,0.0
Kerry Collins,2012,,0,,,,,,,,,,,,,,,,,
Kerry Collins,2013,,0,,,,,,,,,,,,,,,,,
Luke McCown,2010,4.5,1,4.0,19.0,11.0,120.0,0.0,0.0,0.0,1.0,4.0,0.0,0.0,0.0,0.0,0.0,0.0,0.0,0.0
Luke McCown,2011,,2,4.5,17.5,12.0,118.5,0.0,0.0,0.0,3.0,9.5,0.0,0.0,0.0,0.0,0.0,0.0,0.5,0.0
Luke McCown,2012,,0,,,,,,,,,,,,,,,,,
Luke McCown,2013,,0,,,,,,,,,,,,,,,,,
Charlie Batch,2010,6.0,3,9.0,16.333333333333332,9.666666666666666,117.33333333333333,1.0,1.0,0.0,2.3333333333333335,10.0,0.0,0.0,0.0,0.0,0.0,0.0,0.0,0.0
Charlie Batch,2011,8.0,1,6.0,22.0,15.0,208.0,0.0,1.0,0.0,0.0,0.0,0.0,0.0,0.0,0.0,0.0,0.0,0.0,0.0
Charlie Batch,2012,,2,8.0,35.0,22.5,237.5,0.5,2.0,0.0,0.0,0.0,0.0,0.0,0.0,0.0,0.0,0.0,0.0,0.0
Charlie Batch,2013,,0,,,,,,,,,,,,,,,,,
Ryan Fitzpatrick,2010,16.0625,13,18.153846153846153,33.92307692307692,19.615384615384617,230.76923076923077,1.7692307692307692,1.1538461538461537,0.0,3.076923076923077,20.692307692307693,0.0,0.0,0.0,0.0,0.0,0.0,0.38461538461538464,0.0
Ryan Fitzpatrick,2011,15.9375,16,16.0625,35.5625,22.0625,239.5,1.5,1.4375,0.0,3.5,13.4375,0.0,0.0625,0.0,0.0,0.0,0.0,0.125,0.0
Ryan Fitzpatrick,2012,17.09090909090909,16,15.9375,31.5625,19.125,212.5,1.5,1.0,0.0,3.0,12.3125,0.0625,0.0,0.0,0.0,0.0,0.0,0.375,0.0
Ryan Fitzpatrick,2013,17.166666666666668,11,17.09090909090909,31.818181818181817,19.727272727272727,223.0909090909091,1.2727272727272727,1.0909090909090908,0.0,3.909090909090909,20.454545454545453,0.2727272727272727,0.0,0.09090909090909091,0.0,0.0,0.0,0.18181818181818182,0.0
Jimmy Clausen,2010,,8,7.25,27.625,15.375,164.875,0.375,0.625,0.0,2.375,5.75,0.0,0.0,0.0,0.0,0.0,0.0,0.25,0.0
Jimmy Clausen,2011,,0,,,,,,,,,,,,,,,,,
Jimmy Clausen,2012,,0,,,,,,,,,,,,,,,,,
Jimmy Clausen,2013,17.0,0,,,,,,,,,,,,,,,,,
Josh Johnson,2010,17.0,3,1.3333333333333333,3.3333333333333335,2.6666666666666665,28.0,0.0,0.0,0.0,1.0,10.666666666666666,0.0,0.0,0.0,0.0,0.0,0.0,0.0,0.0
Josh Johnson,2011,,1,17.0,27.0,16.0,229.0,1.0,1.0,0.0,5.0,45.0,0.0,0.0,0.0,0.0,0.0,0.0,0.0,0.0
Josh Johnson,2012,1.0,0,,,,,,,,,,,,,,,,,
Josh Johnson,2013,,1,1.0,0.0,0.0,0.0,0.0,0.0,0.0,3.0,17.0,0.0,0.0,0.0,0.0,0.0,0.0,0.0,0.0
Kevin Kolb,2010,14.375,5,15.0,35.8,22.0,234.6,1.4,1.4,0.0,2.8,13.2,0.0,0.0,0.0,0.0,0.0,0.0,0.6,0.0
Kevin Kolb,2011,16.166666666666668,8,14.375,31.5,18.125,244.125,1.125,1.0,0.0,2.125,8.125,0.0,0.0,0.0,0.0,0.0,0.0,0.375,0.0
Kevin Kolb,2012,,6,16.166666666666668,30.5,18.166666666666668,194.83333333333334,1.3333333333333333,0.5,0.0,2.6666666666666665,16.666666666666668,0.16666666666666666,0.0,0.0,0.0,0.0,0.0,0.3333333333333333,0.0
Kevin Kolb,2013,,0,,,,,,,,,,,,,,,,,
Max Hall,2010,,3,3.3333333333333335,19.0,11.0,107.0,0.3333333333333333,1.0,0.0,0.3333333333333333,-1.6666666666666667,0.0,0.0,0.0,0.0,0.0,0.0,0.3333333333333333,0.0
Max Hall,2011,,0,,,,,,,,,,,,,,,,,
Max Hall,2012,,0,,,,,,,,,,,,,,,,,
Max Hall,2013,,0,,,,,,,,,,,,,,,,,
Caleb Hanie,2010,11.0,1,1.0,4.0,3.0,36.0,0.0,0.0,0.0,0.0,0.0,0.0,0.0,0.0,0.0,0.0,0.0,0.0,0.0
Caleb Hanie,2011,,3,11.0,26.0,13.333333333333334,160.0,1.0,2.0,0.0,4.0,31.666666666666668,0.0,0.0,0.0,0.0,0.0,0.0,0.0,0.0
Caleb Hanie,2012,,0,,,,,,,,,,,,,,,,,
Caleb Hanie,2013,,0,,,,,,,,,,,,,,,,,
Cam Newton,2010,24.75,0,,,,,,,,,,,,,,,,,
Cam Newton,2011,21.875,16,24.75,32.3125,19.375,253.1875,1.3125,1.0625,0.125,7.875,44.125,0.875,0.0,0.0625,1.6875,0.0,0.0,0.125,0.0
Cam Newton,2012,20.6875,16,21.875,30.3125,17.5,241.8125,1.1875,0.75,0.0,7.9375,46.3125,0.5,0.0,0.0,0.375,0.0,0.0,0.1875,0.0
Cam Newton,2013,19.857142857142858,16,20.6875,29.5625,18.25,211.1875,1.5,0.8125,0.0,6.9375,36.5625,0.375,0.0,0.0,0.0,0.0,0.0,0.0625,0.0
Rex Grossman,2010,15.083333333333334,3,22.333333333333332,42.0,23.333333333333332,280.0,2.3333333333333335,1.3333333333333333,0.6666666666666666,1.0,2.0,0.0,0.0,0.0,0.0,0.0,0.0,1.0,0.0
Rex Grossman,2011,,12,15.083333333333334,36.333333333333336,21.333333333333332,250.66666666666666,1.3333333333333333,1.3333333333333333,0.0,1.6666666666666667,0.9166666666666666,0.08333333333333333,0.0,0.0,0.0,0.0,0.0,0.4166666666666667,0.0
Rex Grossman,2012,,0,,,,,,,,,,,,,,,,,
Rex Grossman,2013,,0,,,,,,,,,,,,,,,,,
Colt McCoy,2010,13.76923076923077,8,11.875,27.75,16.875,197.0,0.75,1.125,0.0,3.5,17.0,0.125,0.0,0.125,1.625,0.0,0.0,0.0,0.0
Colt McCoy,2011,10.0,13,13.76923076923077,35.61538461538461,20.384615384615383,210.23076923076923,1.0769230769230769,0.8461538461538461,0.0,4.6923076923076925,16.307692307692307,0.0,0.0,0.07692307692307693,-0.38461538461538464,0.0,0.0,0.15384615384615385,0.0
Colt McCoy,2012,,1,10.0,17.0,9.0,79.0,1.0,0.0,0.0,2.0,17.0,0.0,0.0,0.0,0.0,0.0,0.0,0.0,0.0
Colt McCoy,2013,13.4,0,,,,,,,,,,,,,,,,,
Tarvaris Jackson,2010,11.933333333333334,3,9.666666666666666,19.333333333333332,11.333333333333334,113.66666666666667,1.0,1.3333333333333333,0.3333333333333333,2.3333333333333335,21.0,0.0,0.0,0.0,0.0,0.0,0.0,0.0,0.0
Tarvaris Jackson,2011,,15,11.933333333333334,30.0,18.066666666666666,206.06666666666666,0.9333333333333333,0.8666666666666667,0.0,2.6666666666666665,7.2,0.06666666666666667,0.0,0.0,0.0,0.0,0.0,0.3333333333333333,0.0
Tarvaris Jackson,2012,17.0,0,,,,,,,,,,,,,,,,,
Tarvaris Jackson,2013,,1,17.0,8.0,7.0,129.0,1.0,0.0,0.0,3.0,2.0,1.0,0.0,0.0,0.0,0.0,0.0,0.0,0.0
Ben Roethlisberger,2010,16.866666666666667,12,19.833333333333332,32.416666666666664,20.0,266.6666666666667,1.4166666666666667,0.4166666666666667,0.0,2.8333333333333335,14.666666666666666,0.16666666666666666,0.0,0.0,0.0,0.0,0.0,0.25,0.0
Ben Roethlisberger,2011,20.692307692307693,15,16.866666666666667,34.2,21.6,271.8,1.4,0.9333333333333333,0.0,2.066666666666667,4.666666666666667,0.0,0.0,0.0,0.0,0.0,0.0,0.3333333333333333,0.0
Ben Roethlisberger,2012,19.375,13,20.692307692307693,34.53846153846154,21.846153846153847,251.15384615384616,2.0,0.6153846153846154,0.07692307692307693,2.0,7.076923076923077,0.0,0.0,0.0,0.0,0.0,0.0,0.23076923076923078,0.0
Ben Roethlisberger,2013,22.75,16,19.375,36.5,23.4375,266.3125,1.75,0.875,0.0,1.6875,6.1875,0.0625,0.0,0.0,0.3125,0.0,0.0,0.375,0.0
Andy Dalton,2010,14.8125,0,,,,,,,,,,,,,,,,,
Andy Dalton,2011,18.5625,16,14.8125,32.25,18.75,212.375,1.25,0.8125,0.0,2.3125,9.5,0.0625,0.0,0.0,0.0,0.0,0.0,0.125,0.0
Andy Dalton,2012,21.625,16,18.5625,33.0,20.5625,229.3125,1.6875,1.0,0.0,2.9375,7.5,0.25,0.0,0.0,0.0,0.0,0.0,0.25,0.0
Andy Dalton,2013,16.866666666666667,16,21.625,36.625,22.6875,268.3125,2.0625,1.25,0.0,3.8125,11.4375,0.125,0.0,0.0,0.0,0.0,0.0,0.1875,0.0
Jon Kitna,2010,5.0,10,18.3,31.8,20.9,236.5,1.6,1.2,0.2,3.1,14.7,0.1,0.0,0.0,0.0,0.0,0.0,0.1,0.0
Jon Kitna,2011,,1,5.0,10.0,6.0,87.0,1.0,2.0,0.0,0.0,0.0,0.0,0.0,0.0,0.0,0.0,0.0,0.0,0.0
Jon Kitna,2012,,0,,,,,,,,,,,,,,,,,
Jon Kitna,2013,,0,,,,,,,,,,,,,,,,,
Mike Kafka,2010,2.0,0,,,,,,,,,,,,,,,,,
Mike Kafka,2011,,1,2.0,9.0,7.0,72.0,0.0,0.0,0.0,1.0,2.0,0.0,0.0,0.0,0.0,0.0,0.0,0.0,0.0
Mike Kafka,2012,,0,,,,,,,,,,,,,,,,,
Mike Kafka,2013,,0,,,,,,,,,,,,,,,,,
Blaine Gabbert,2010,8.666666666666666,0,,,,,,,,,,,,,,,,,
Blaine Gabbert,2011,13.625,15,8.666666666666666,27.533333333333335,14.0,147.6,0.8,0.7333333333333333,0.0,3.2,6.533333333333333,0.0,0.0,0.0,0.0,0.0,0.0,0.3333333333333333,0.0
Blaine Gabbert,2012,4.0,8,13.625,30.375,17.875,187.0,1.125,0.5,0.25,2.0,6.875,0.0,0.0,0.0,0.0,0.0,0.0,0.125,0.0
Blaine Gabbert,2013,7.0,3,4.0,28.666666666666668,14.0,160.33333333333334,0.3333333333333333,2.3333333333333335,0.0,3.0,10.666666666666666,0.0,0.0,0.0,0.0,0.0,0.0,0.0,0.0
Curtis Painter,2010,11.857142857142858,0,,,,,,,,,,,,,,,,,
Curtis Painter,2011,,7,11.857142857142858,29.571428571428573,15.714285714285714,197.14285714285714,0.8571428571428571,0.8571428571428571,0.0,1.8571428571428572,13.857142857142858,0.0,0.0,0.0,0.0,0.0,0.0,0.2857142857142857,0.0
Curtis Painter,2012,1.0,0,,,,,,,,,,,,,,,,,
Curtis Painter,2013,,1,1.0,4.0,4.0,30.0,0.0,0.0,0.0,0.0,0.0,0.0,0.0,0.0,0.0,0.0,0.0,0.0,0.0
Tim Tebow,2010,19.636363636363637,6,17.5,13.666666666666666,6.833333333333333,109.0,0.8333333333333334,0.5,0.0,6.833333333333333,37.5,1.0,0.0,0.0,0.0,0.0,0.0,0.0,0.0
Tim Tebow,2011,1.1666666666666667,11,19.636363636363637,22.636363636363637,10.909090909090908,151.72727272727272,1.0909090909090908,0.45454545454545453,0.0,10.454545454545455,58.63636363636363,0.5454545454545454,0.18181818181818182,0.0,0.0,0.0,0.0,0.45454545454545453,0.0
Tim Tebow,2012,,6,1.1666666666666667,0.8333333333333334,0.5,1.3333333333333333,0.0,0.0,0.0,3.6666666666666665,15.5,0.0,0.0,0.0,0.0,0.0,0.0,0.0,0.0
Tim Tebow,2013,,0,,,,,,,,,,,,,,,,,
Charlie Whitehurst,2010,6.5,4,9.5,23.25,13.25,113.5,0.5,0.5,0.5,4.0,11.75,0.25,0.0,0.0,0.0,0.0,0.0,0.0,0.0
Charlie Whitehurst,2011,,2,6.5,13.0,7.5,100.5,0.5,0.0,0.0,1.5,3.5,0.0,0.0,0.0,0.0,0.0,0.0,0.0,0.0
Charlie Whitehurst,2012,,0,,,,,,,,,,,,,,,,,
Charlie Whitehurst,2013,13.714285714285714,0,,,,,,,,,,,,,,,,,
Colin Kaepernick,2010,1.0,0,,,,,,,,,,,,,,,,,
Colin Kaepernick,2011,15.5,1,1.0,3.0,3.0,35.0,0.0,0.0,0.0,2.0,-2.0,0.0,0.0,0.0,0.0,0.0,0.0,0.0,0.0
Colin Kaepernick,2012,18.6875,12,15.5,18.166666666666668,11.333333333333334,151.16666666666666,0.8333333333333334,0.25,0.0,5.166666666666667,34.666666666666664,0.4166666666666667,0.0,0.0,0.0,0.0,0.0,0.16666666666666666,0.0
Colin Kaepernick,2013,17.3125,16,18.6875,26.0,15.1875,199.8125,1.3125,0.5,0.0,5.75,32.75,0.25,0.0,0.0,0.0,0.0,0.0,0.25,0.0
Drew Stanton,2010,,4,15.5,29.25,17.0,192.25,1.0,0.75,0.0,3.5,27.5,0.25,0.0,0.0,0.0,0.0,0.0,0.25,0.0
Drew Stanton,2011,,0,,,,,,,,,,,,,,,,,
Drew Stanton,2012,,0,,,,,,,,,,,,,,,,,
Drew Stanton,2013,11.222222222222221,0,,,,,,,,,,,,,,,,,
Todd Bouman,2010,,1,16.0,34.0,18.0,222.0,2.0,2.0,0.0,2.0,8.0,0.0,0.0,0.0,0.0,0.0,0.0,0.0,0.0
Todd Bouman,2011,,0,,,,,,,,,,,,,,,,,
Todd Bouman,2012,,0,,,,,,,,,,,,,,,,,
Todd Bouman,2013,,0,,,,,,,,,,,,,,,,,
Kyle Boller,2010,4.0,1,1.0,0.0,0.0,0.0,0.0,0.0,0.0,6.0,11.0,0.0,0.0,0.0,0.0,0.0,0.0,0.0,0.0
Kyle Boller,2011,,1,4.0,14.0,8.0,100.0,0.0,0.0,0.0,5.0,9.0,0.0,0.0,0.0,0.0,0.0,0.0,0.0,0.0
Kyle Boller,2012,,0,,,,,,,,,,,,,,,,,
Kyle Boller,2013,,0,,,,,,,,,,,,,,,,,
Troy Smith,2010,,6,13.5,24.166666666666668,12.166666666666666,196.0,0.8333333333333334,0.6666666666666666,0.0,3.8333333333333335,20.166666666666668,0.16666666666666666,0.0,0.0,0.0,0.0,0.0,0.0,0.0
Troy Smith,2011,,0,,,,,,,,,,,,,,,,,
Troy Smith,2012,,0,,,,,,,,,,,,,,,,,
Troy Smith,2013,,0,,,,,,,,,,,,,,,,,
Tony Pike,2010,,1,1.0,12.0,6.0,47.0,0.0,0.0,0.0,0.0,0.0,0.0,0.0,0.0,0.0,0.0,0.0,0.0,0.0
Tony Pike,2011,,0,,,,,,,,,,,,,,,,,
Tony Pike,2012,,0,,,,,,,,,,,,,,,,,
Tony Pike,2013,,0,,,,,,,,,,,,,,,,,
Chase Daniel,2010,,1,1.0,0.0,0.0,0.0,0.0,0.0,0.0,1.0,16.0,0.0,0.0,0.0,0.0,0.0,0.0,0.0,0.0
Chase Daniel,2011,1.0,0,,,,,,,,,,,,,,,,,
Chase Daniel,2012,10.0,1,1.0,1.0,1.0,10.0,0.0,0.0,0.0,3.0,17.0,0.0,0.0,0.0,0.0,0.0,0.0,0.0,0.0
Chase Daniel,2013,7.0,2,10.0,17.5,12.0,115.5,0.5,0.0,0.0,4.0,29.0,0.0,0.0,0.0,0.0,0.0,0.0,0.0,0.0
Tyler Thigpen,2010,,3,9.666666666666666,18.666666666666668,10.333333333333334,140.0,0.6666666666666666,0.3333333333333333,0.0,3.6666666666666665,17.666666666666668,0.0,0.0,0.0,0.0,0.0,0.0,0.0,0.0
Tyler Thigpen,2011,1.0,0,,,,,,,,,,,,,,,,,
Tyler Thigpen,2012,,1,1.0,5.0,3.0,30.0,0.0,0.0,0.0,0.0,0.0,0.0,0.0,0.0,0.0,0.0,0.0,0.0,0.0
Tyler Thigpen,2013,,0,,,,,,,,,,,,,,,,,
Brian St. Pierre,2010,,1,8.0,28.0,13.0,173.0,1.0,2.0,0.0,0.0,0.0,0.0,0.0,0.0,0.0,0.0,0.0,0.0,0.0
Brian St. Pierre,2011,,0,,,,,,,,,,,,,,,,,
Brian St. Pierre,2012,,0,,,,,,,,,,,,,,,,,
Brian St. Pierre,2013,,0,,,,,,,,,,,,,,,,,
John Skelton,2010,17.0,5,6.6,25.2,12.0,132.4,0.4,0.4,0.0,2.0,9.8,0.0,0.0,0.0,0.0,0.0,0.0,0.2,0.0
John Skelton,2011,10.25,7,17.0,36.57142857142857,20.714285714285715,259.14285714285717,1.5714285714285714,1.5714285714285714,0.0,4.0,18.285714285714285,0.0,0.0,0.0,0.0,0.0,0.0,0.14285714285714285,0.0
John Skelton,2012,,4,10.25,40.5,23.5,251.75,0.5,1.0,0.0,0.5,0.75,0.0,0.0,0.0,0.0,0.0,0.0,0.25,0.0
John Skelton,2013,,0,,,,,,,,,,,,,,,,,
Matt Flynn,2010,29.5,2,16.0,31.5,19.5,214.0,1.5,1.0,0.0,3.0,11.5,0.0,0.0,0.0,0.0,0.0,0.0,0.5,0.0
Matt Flynn,2011,2.0,2,29.5,23.0,16.5,259.0,3.0,0.5,0.0,3.0,0.0,0.5,0.0,0.0,0.0,0.0,0.0,0.5,0.0
Matt Flynn,2012,14.666666666666666,1,2.0,9.0,5.0,68.0,0.0,0.0,0.0,1.0,-2.0,0.0,0.0,0.0,0.0,0.0,0.0,0.0,0.0
Matt Flynn,2013,1.0,6,14.666666666666666,33.0,20.5,228.83333333333334,1.3333333333333333,0.8333333333333334,0.0,3.3333333333333335,10.833333333333334,0.0,0.0,0.0,0.0,0.0,0.0,1.0,0.0
Joe Webb,2010,17.333333333333332,4,8.25,22.25,13.5,119.25,0.0,0.75,0.0,4.5,30.0,0.5,0.0,0.0,0.0,0.0,0.0,0.0,0.0
Joe Webb,2011,,3,17.333333333333332,20.0,11.0,122.66666666666667,1.0,0.6666666666666666,0.0,5.333333333333333,48.333333333333336,0.6666666666666666,0.0,0.0,0.0,0.0,0.0,0.3333333333333333,0.0
Joe Webb,2012,2.0,0,,,,,,,,,,,,,,,,,
Joe Webb,2013,1.0,1,2.0,0.0,0.0,0.0,0.0,0.0,0.0,0.0,0.0,0.0,0.0,3.0,24.0,0.0,0.0,0.0,0.0
Brodie Croyle,2010,,1,1.0,17.0,7.0,40.0,0.0,0.0,0.0,0.0,0.0,0.0,0.0,0.0,0.0,0.0,0.0,0.0,0.0
Brodie Croyle,2011,,0,,,,,,,,,,,,,,,,,
Brodie Croyle,2012,,0,,,,,,,,,,,,,,,,,
Brodie Croyle,2013,,0,,,,,,,,,,,,,,,,,
Stephen McGee,2010,15.0,2,13.5,22.0,11.0,119.0,1.0,0.0,0.0,6.5,37.0,0.0,0.0,0.0,0.0,0.0,0.0,0.0,0.0
Stephen McGee,2011,,1,15.0,38.0,24.0,182.0,1.0,0.0,0.0,4.0,28.0,0.0,0.0,0.0,0.0,0.0,0.0,0.0,0.0
Stephen McGee,2012,,0,,,,,,,,,,,,,,,,,
Stephen McGee,2013,,0,,,,,,,,,,,,,,,,,
Mark Brunell,2010,1.0,1,14.0,12.0,6.0,110.0,2.0,1.0,0.0,0.0,0.0,0.0,0.0,0.0,0.0,0.0,0.0,0.0,0.0
Mark Brunell,2011,,1,1.0,3.0,1.0,27.0,0.0,0.0,0.0,0.0,0.0,0.0,0.0,0.0,0.0,0.0,0.0,0.0,0.0
Mark Brunell,2012,,0,,,,,,,,,,,,,,,,,
Mark Brunell,2013,,0,,,,,,,,,,,,,,,,,
Brian Hoyer,2010,,1,10.0,13.0,7.0,122.0,1.0,0.0,0.0,1.0,-1.0,0.0,0.0,0.0,0.0,0.0,0.0,0.0,0.0
Brian Hoyer,2011,7.5,0,,,,,,,,,,,,,,,,,
Brian Hoyer,2012,16.0,2,7.5,26.5,15.0,165.0,0.5,1.0,0.0,0.5,3.0,0.0,0.0,0.0,0.0,0.0,0.0,0.0,0.0
Brian Hoyer,2013,12.357142857142858,3,16.0,32.0,19.0,205.0,1.6666666666666667,1.0,0.0,2.0,5.333333333333333,0.0,0.0,0.0,0.0,0.0,0.0,0.0,0.0
Kellen Clemens,2010,13.0,1,6.0,2.0,1.0,6.0,0.0,0.0,0.0,2.0,9.0,1.0,0.0,0.0,0.0,0.0,0.0,0.0,0.0
Kellen Clemens,2011,,3,13.0,30.333333333333332,16.0,182.0,0.6666666666666666,0.3333333333333333,0.0,2.0,12.333333333333334,0.3333333333333333,0.0,0.0,0.0,0.0,0.0,0.0,0.0
Kellen Clemens,2012,11.11111111111111,0,,,,,,,,,,,,,,,,,
Kellen Clemens,2013,,9,11.11111111111111,26.444444444444443,15.555555555555555,183.77777777777777,0.8888888888888888,0.7777777777777778,0.1111111111111111,2.5555555555555554,7.111111111111111,0.0,0.0,0.0,0.0,0.0,0.0,0.3333333333333333,0.0
Richard Bartel,2010,8.0,1,4.0,28.0,16.0,150.0,0.0,1.0,0.0,0.0,0.0,0.0,0.0,0.0,0.0,0.0,0.0,0.0,0.0
Richard Bartel,2011,,1,8.0,16.0,8.0,64.0,1.0,0.0,0.0,1.0,9.0,0.0,0.0,0.0,0.0,0.0,0.0,0.0,0.0
Richard Bartel,2012,,0,,,,,,,,,,,,,,,,,
Richard Bartel,2013,,0,,,,,,,,,,,,,,,,,
Tyler Palko,2010,7.0,1,1.0,3.0,2.0,27.0,0.0,0.0,0.0,1.0,6.0,0.0,0.0,0.0,0.0,0.0,0.0,0.0,0.0
Tyler Palko,2011,,4,7.0,26.25,15.5,157.25,0.5,1.0,0.0,1.0,3.75,0.0,0.0,0.0,0.0,0.0,0.0,0.0,0.0
Tyler Palko,2012,,0,,,,,,,,,,,,,,,,,
Tyler Palko,2013,,0,,,,,,,,,,,,,,,,,
Byron Leftwich,2010,,1,1.0,7.0,5.0,42.0,0.0,0.0,0.0,0.0,0.0,0.0,0.0,0.0,0.0,0.0,0.0,0.0,0.0
Byron Leftwich,2011,8.0,0,,,,,,,,,,,,,,,,,
Byron Leftwich,2012,,2,8.0,26.5,12.5,136.0,0.0,0.5,0.0,0.5,15.5,0.5,0.0,0.0,0.0,0.0,0.0,0.0,0.0
Byron Leftwich,2013,,0,,,,,,,,,,,,,,,,,
John Beck,2010,13.25,0,,,,,,,,,,,,,,,,,
John Beck,2011,,4,13.25,33.0,20.0,214.5,0.5,1.0,0.25,2.5,10.75,0.5,0.0,0.0,0.0,0.0,0.0,0.25,0.0
John Beck,2012,,0,,,,,,,,,,,,,,,,,
John Beck,2013,,0,,,,,,,,,,,,,,,,,
Christian Ponder,2010,13.7,0,,,,,,,,,,,,,,,,,
Christian Ponder,2011,13.8125,10,13.7,28.1,15.4,182.5,1.3,1.2,0.0,2.8,21.9,0.0,0.0,0.0,0.0,0.0,0.0,0.2,0.0
Christian Ponder,2012,13.11111111111111,16,13.8125,30.1875,18.75,183.4375,1.125,0.75,0.0625,3.75,15.8125,0.125,0.0,0.0625,-0.9375,0.0,0.0,0.3125,0.0
Christian Ponder,2013,11.0,9,13.11111111111111,26.555555555555557,16.88888888888889,183.11111111111111,0.7777777777777778,1.0,0.0,3.7777777777777777,16.77777777777778,0.4444444444444444,0.0,0.0,0.0,0.0,0.0,0.4444444444444444,0.0
A.J. Feeley,2010,6.666666666666667,0,,,,,,,,,,,,,,,,,
A.J. Feeley,2011,,3,6.666666666666667,30.666666666666668,17.333333333333332,175.66666666666666,0.3333333333333333,0.6666666666666666,0.0,1.0,1.3333333333333333,0.0,0.0,0.0,0.0,0.0,0.0,0.6666666666666666,0.0
A.J. Feeley,2012,,0,,,,,,,,,,,,,,,,,
A.J. Feeley,2013,,0,,,,,,,,,,,,,,,,,
Dan Orlovsky,2010,9.857142857142858,0,,,,,,,,,,,,,,,,,
Dan Orlovsky,2011,2.0,7,9.857142857142858,26.714285714285715,16.857142857142858,168.71428571428572,0.8571428571428571,0.5714285714285714,0.0,0.8571428571428571,0.7142857142857143,0.0,0.0,0.0,0.0,0.0,0.0,0.42857142857142855,0.0
Dan Orlovsky,2012,,1,2.0,7.0,4.0,51.0,0.0,0.0,0.0,0.0,0.0,0.0,0.0,0.0,0.0,0.0,0.0,0.0,0.0
Dan Orlovsky,2013,,0,,,,,,,,,,,,,,,,,
Jake Locker,2010,18.0,0,,,,,,,,,,,,,,,,,
Jake Locker,2011,14.8,3,18.0,21.333333333333332,11.0,176.66666666666666,1.3333333333333333,0.0,0.0,2.6666666666666665,18.666666666666668,0.3333333333333333,0.0,0.0,0.0,0.0,0.0,0.0,0.0
Jake Locker,2012,18.5,10,14.8,31.2,17.7,217.6,1.0,1.1,0.0,4.1,29.1,0.1,0.0,0.0,0.0,0.0,0.0,0.4,0.0
Jake Locker,2013,9.857142857142858,6,18.5,29.0,17.833333333333332,205.33333333333334,1.3333333333333333,0.5,0.0,3.5,22.833333333333332,0.3333333333333333,0.0,0.0,0.0,0.0,0.0,0.0,0.0
Matt Leinart,2010,8.0,0,,,,,,,,,,,,,,,,,
Matt Leinart,2011,2.0,1,8.0,13.0,10.0,57.0,1.0,0.0,0.0,0.0,0.0,0.0,0.0,0.0,0.0,0.0,0.0,0.0,0.0
Matt Leinart,2012,,1,2.0,32.0,16.0,115.0,0.0,1.0,0.0,0.0,0.0,0.0,0.0,0.0,0.0,0.0,0.0,0.0,0.0
Matt Leinart,2013,,0,,,,,,,,,,,,,,,,,
T.J. Yates,2010,8.166666666666666,0,,,,,,,,,,,,,,,,,
T.J. Yates,2011,6.0,6,8.166666666666666,22.333333333333332,13.666666666666666,158.16666666666666,0.5,0.5,0.0,2.3333333333333335,9.5,0.0,0.0,0.0,0.0,0.0,0.0,0.5,0.0
T.J. Yates,2012,,1,6.0,4.0,2.0,15.0,0.0,0.0,0.0,1.0,1.0,1.0,0.0,0.0,0.0,0.0,0.0,0.0,0.0
T.J. Yates,2013,,0,,,,,,,,,,,,,,,,,
J.P. Losman,2010,2.0,0,,,,,,,,,,,,,,,,,
J.P. Losman,2011,,1,2.0,10.0,6.0,60.0,0.0,0.0,0.0,2.0,1.0,0.0,0.0,0.0,0.0,0.0,0.0,0.0,0.0
J.P. Losman,2012,,0,,,,,,,,,,,,,,,,,
J.P. Losman,2013,,0,,,,,,,,,,,,,,,,,
Chris Redman,2010,2.0,0,,,,,,,,,,,,,,,,,
Chris Redman,2011,,2,2.0,7.5,5.5,58.5,0.0,0.0,0.0,1.0,-1.0,0.0,0.0,0.0,0.0,0.0,0.0,0.0,0.0
Chris Redman,2012,,0,,,,,,,,,,,,,,,,,
Chris Redman,2013,,0,,,,,,,,,,,,,,,,,
Josh McCown,2010,14.5,0,,,,,,,,,,,,,,,,,
Josh McCown,2011,,2,14.5,26.5,17.0,201.0,1.0,1.5,0.0,6.0,34.0,0.0,0.5,0.0,0.0,0.0,0.0,0.0,0.0
Josh McCown,2012,22.571428571428573,0,,,,,,,,,,,,,,,,,
Josh McCown,2013,14.4,7,22.571428571428573,31.428571428571427,21.0,258.42857142857144,1.8571428571428572,0.14285714285714285,0.14285714285714285,1.7142857142857142,10.285714285714286,0.14285714285714285,0.0,0.0,0.0,0.0,0.0,0.14285714285714285,0.0
Robert Griffin III,2010,,0,,,,,,,,,,,,,,,,,
Robert Griffin III,2011,23.0,0,,,,,,,,,,,,,,,,,
Robert Griffin III,2012,18.153846153846153,15,23.0,26.2,17.2,213.33333333333334,1.3333333333333333,0.3333333333333333,0.0,8.0,54.333333333333336,0.4666666666666667,0.0,0.0,0.0,0.0,0.0,0.13333333333333333,0.0
Robert Griffin III,2013,10.333333333333334,13,18.153846153846153,35.07692307692308,21.076923076923077,246.3846153846154,1.2307692307692308,0.9230769230769231,0.07692307692307693,6.615384615384615,37.61538461538461,0.0,0.07692307692307693,0.0,0.0,0.0,0.0,0.3076923076923077,0.0
Russell Wilson,2010,,0,,,,,,,,,,,,,,,,,
Russell Wilson,2011,19.625,0,,,,,,,,,,,,,,,,,
Russell Wilson,2012,19.5625,16,19.625,24.5625,15.75,194.875,1.625,0.625,0.0,5.875,30.5625,0.25,0.0,0.0,0.0,0.0,0.0,0.1875,0.0
Russell Wilson,2013,22.0,16,19.5625,25.4375,16.0625,209.8125,1.625,0.5625,0.0,6.0,33.6875,0.0625,0.0,0.0,0.0,0.0,0.0,0.3125,0.0
Andrew Luck,2010,,0,,,,,,,,,,,,,,,,,
Andrew Luck,2011,19.6875,0,,,,,,,,,,,,,,,,,
Andrew Luck,2012,20.4375,16,19.6875,39.1875,21.1875,273.375,1.4375,1.125,0.0,3.875,15.9375,0.3125,0.0,0.0,0.0,0.0,0.0,0.3125,0.0
Andrew Luck,2013,28.133333333333333,16,20.4375,35.625,21.4375,238.875,1.4375,0.5625,0.25,3.9375,23.5625,0.25,0.0,0.0,0.0,0.0,0.0,0.125,0.0
Ryan Tannehill,2010,,0,,,,,,,,,,,,,,,,,
Ryan Tannehill,2011,13.266666666666667,0,,,,,,,,,,,,,,,,,
Ryan Tannehill,2012,17.375,15,13.266666666666667,31.933333333333334,18.666666666666668,218.4,0.8,0.8666666666666667,0.13333333333333333,3.2666666666666666,14.066666666666666,0.13333333333333333,0.0,0.0,0.0,0.0,0.0,0.26666666666666666,0.0
Ryan Tannehill,2013,20.125,16,17.375,36.75,22.1875,244.5625,1.5,1.0625,0.0,2.5,14.875,0.0625,0.0,0.0,0.0,0.0,0.0,0.3125,0.0
Tyrod Taylor,2010,,0,,,,,,,,,,,,,,,,,
Tyrod Taylor,2011,8.0,0,,,,,,,,,,,,,,,,,
Tyrod Taylor,2012,1.0,2,8.0,14.0,8.5,89.5,0.0,0.5,0.0,5.0,36.0,0.5,0.0,0.0,0.0,0.0,0.0,0.0,0.0
Tyrod Taylor,2013,,2,1.0,2.0,0.5,1.0,0.0,0.5,0.0,2.0,28.5,0.0,0.0,0.0,0.0,0.0,0.0,0.0,0.0
Brandon Weeden,2010,,0,,,,,,,,,,,,,,,,,
Brandon Weeden,2011,13.214285714285714,0,,,,,,,,,,,,,,,,,
Brandon Weeden,2012,14.857142857142858,14,13.214285714285714,34.42857142857143,20.357142857142858,233.35714285714286,1.0,0.9285714285714286,0.0,1.7857142857142858,6.142857142857143,0.0,0.0,0.0,-0.6428571428571429,0.0,0.0,0.07142857142857142,0.0
Brandon Weeden,2013,8.0,7,14.857142857142858,37.857142857142854,20.0,247.57142857142858,1.2857142857142858,1.2857142857142858,0.14285714285714285,1.7142857142857142,6.285714285714286,0.0,0.0,0.0,0.0,0.0,0.0,0.2857142857142857,0.0
Armanti Edwards,2010,,0,,,,,,,,,,,,,,,,,
Armanti Edwards,2011,3.3333333333333335,0,,,,,,,,,,,,,,,,,
Armanti Edwards,2012,1.0,3,3.3333333333333335,0.3333333333333333,0.0,0.0,0.0,0.0,0.0,0.0,0.0,0.0,0.0,1.0,35.0,0.0,0.0,0.0,0.0
Armanti Edwards,2013,,1,1.0,0.0,0.0,0.0,0.0,0.0,0.0,0.0,0.0,0.0,0.0,1.0,10.0,0.0,0.0,0.0,0.0
Kirk Cousins,2010,,0,,,,,,,,,,,,,,,,,
Kirk Cousins,2011,13.333333333333334,0,,,,,,,,,,,,,,,,,
Kirk Cousins,2012,10.75,3,13.333333333333334,16.0,11.0,155.33333333333334,1.3333333333333333,1.0,0.0,1.0,7.333333333333333,0.0,0.3333333333333333,0.0,0.0,0.0,0.0,0.0,0.0
Kirk Cousins,2013,18.0,4,10.75,36.5,19.0,201.5,1.0,1.25,0.0,0.75,3.25,0.0,0.0,0.0,0.0,0.0,0.0,0.5,0.0
Rusty Smith,2010,,0,,,,,,,,,,,,,,,,,
Rusty Smith,2011,1.0,0,,,,,,,,,,,,,,,,,
Rusty Smith,2012,,1,1.0,5.0,3.0,34.0,0.0,0.0,0.0,0.0,0.0,0.0,0.0,0.0,0.0,0.0,0.0,0.0,0.0
Rusty Smith,2013,,0,,,,,,,,,,,,,,,,,
Brady Quinn,2010,,0,,,,,,,,,,,,,,,,,
Brady Quinn,2011,4.777777777777778,0,,,,,,,,,,,,,,,,,
Brady Quinn,2012,,9,4.777777777777778,21.444444444444443,12.222222222222221,126.66666666666667,0.2222222222222222,0.7777777777777778,0.0,1.8888888888888888,5.333333333333333,0.0,0.0,0.0,0.0,0.0,0.0,0.0,0.0
Brady Quinn,2013,,0,,,,,,,,,,,,,,,,,
Nick Foles,2010,,0,,,,,,,,,,,,,,,,,
Nick Foles,2011,13.857142857142858,0,,,,,,,,,,,,,,,,,
Nick Foles,2012,25.583333333333332,7,13.857142857142858,37.857142857142854,23.0,242.71428571428572,0.8571428571428571,0.7142857142857143,0.0,1.5714285714285714,6.0,0.14285714285714285,0.0,0.0,0.0,0.0,0.0,0.42857142857142855,0.0
Nick Foles,2013,17.75,12,25.583333333333332,26.333333333333332,16.916666666666668,240.91666666666666,2.25,0.16666666666666666,0.16666666666666666,4.75,18.416666666666668,0.25,0.0,0.0,0.0,0.0,0.0,0.16666666666666666,0.0
Ryan Lindley,2010,,0,,,,,,,,,,,,,,,,,
Ryan Lindley,2011,2.2,0,,,,,,,,,,,,,,,,,
Ryan Lindley,2012,,5,2.2,28.0,15.8,136.0,0.0,1.2,0.0,0.8,1.4,0.0,0.0,0.0,0.0,0.0,0.0,0.4,0.0
Ryan Lindley,2013,8.333333333333334,0,,,,,,,,,,,,,,,,,
Greg McElroy,2010,,0,,,,,,,,,,,,,,,,,
Greg McElroy,2011,6.5,0,,,,,,,,,,,,,,,,,
Greg McElroy,2012,,2,6.5,15.5,9.5,107.0,0.5,0.5,0.0,4.0,15.0,0.0,0.0,0.0,0.0,0.0,0.0,0.5,0.0
Greg McElroy,2013,,0,,,,,,,,,,,,,,,,,
Terrelle Pryor,2010,,0,,,,,,,,,,,,,,,,,
Terrelle Pryor,2011,14.0,0,,,,,,,,,,,,,,,,,
Terrelle Pryor,2012,16.555555555555557,2,14.0,14.5,7.0,77.5,1.0,0.5,0.0,5.0,25.5,0.5,0.0,0.5,11.0,0.0,0.0,0.0,0.0
Terrelle Pryor,2013,,9,16.555555555555557,29.11111111111111,17.0,196.22222222222223,0.7777777777777778,1.1111111111111112,0.0,8.555555555555555,61.44444444444444,0.2222222222222222,0.0,0.0,0.0,0.0,0.0,0.2222222222222222,0.0
Thaddeus Lewis,2010,,0,,,,,,,,,,,,,,,,,
Thaddeus Lewis,2011,12.0,0,,,,,,,,,,,,,,,,,
Thaddeus Lewis,2012,13.0,1,12.0,32.0,22.0,204.0,1.0,1.0,0.0,1.0,3.0,0.0,0.0,0.0,0.0,0.0,0.0,0.0,0.0
Thaddeus Lewis,2013,,5,13.0,31.4,18.6,218.4,0.8,0.6,0.0,4.8,10.4,0.2,0.0,0.0,0.0,0.0,0.0,0.6,0.0
E.J. Manuel,2010,,0,,,,,,,,,,,,,,,,,
E.J. Manuel,2011,,0,,,,,,,,,,,,,,,,,
E.J. Manuel,2012,14.9,0,,,,,,,,,,,,,,,,,
E.J. Manuel,2013,16.25,10,14.9,30.6,18.0,197.2,1.1,0.9,0.2,5.3,18.6,0.2,0.0,0.0,0.0,0.0,0.0,0.3,0.0
Geno Smith,2010,,0,,,,,,,,,,,,,,,,,
Geno Smith,2011,,0,,,,,,,,,,,,,,,,,
Geno Smith,2012,15.071428571428571,0,,,,,,,,,,,,,,,,,
Geno Smith,2013,14.583333333333334,14,15.071428571428571,29.285714285714285,16.785714285714285,208.14285714285714,0.8571428571428571,1.2142857142857142,0.0,5.0,26.0,0.42857142857142855,0.0,0.07142857142857142,0.9285714285714286,0.0,0.0,0.21428571428571427,0.0
Mike Glennon,2010,,0,,,,,,,,,,,,,,,,,
Mike Glennon,2011,,0,,,,,,,,,,,,,,,,,
Mike Glennon,2012,14.923076923076923,0,,,,,,,,,,,,,,,,,
Mike Glennon,2013,17.333333333333332,13,14.923076923076923,32.0,19.0,200.6153846153846,1.4615384615384615,0.6923076923076923,0.0,2.076923076923077,2.8461538461538463,0.0,0.0,0.0,0.0,0.0,0.0,0.3076923076923077,0.0
Jeff Tuel,2010,,0,,,,,,,,,,,,,,,,,
Jeff Tuel,2011,,0,,,,,,,,,,,,,,,,,
Jeff Tuel,2012,6.5,0,,,,,,,,,,,,,,,,,
Jeff Tuel,2013,,2,6.5,29.5,13.0,154.5,0.5,1.5,0.0,1.5,8.5,0.0,0.0,0.0,0.0,0.0,0.0,0.0,0.0
Case Keenum,2010,,0,,,,,,,,,,,,,,,,,
Case Keenum,2011,,0,,,,,,,,,,,,,,,,,
Case Keenum,2012,14.625,0,,,,,,,,,,,,,,,,,
Case Keenum,2013,13.0,8,14.625,31.625,17.125,220.0,1.125,0.75,0.0,1.75,9.0,0.125,0.0,0.0,0.0,0.0,0.0,0.25,0.0
Matt Simms,2010,,0,,,,,,,,,,,,,,,,,
Matt Simms,2011,,0,,,,,,,,,,,,,,,,,
Matt Simms,2012,5.5,0,,,,,,,,,,,,,,,,,
Matt Simms,2013,1.0,2,5.5,6.5,3.5,38.5,0.5,0.0,0.0,1.5,17.5,0.0,0.0,0.0,0.0,0.0,0.0,0.0,0.0
Matt Barkley,2010,,0,,,,,,,,,,,,,,,,,
Matt Barkley,2011,,0,,,,,,,,,,,,,,,,,
Matt Barkley,2012,3.0,0,,,,,,,,,,,,,,,,,
Matt Barkley,2013,,1,3.0,26.0,17.0,158.0,0.0,1.0,0.0,0.0,0.0,0.0,0.0,0.0,0.0,0.0,0.0,1.0,0.0
Matt McGloin,2010,,0,,,,,,,,,,,,,,,,,
Matt McGloin,2011,,0,,,,,,,,,,,,,,,,,
Matt McGloin,2012,13.0,0,,,,,,,,,,,,,,,,,
Matt McGloin,2013,7.0,7,13.0,30.142857142857142,16.857142857142858,221.0,1.1428571428571428,1.1428571428571428,0.0,1.5714285714285714,3.857142857142857,0.0,0.0,0.0,0.0,0.0,0.0,0.14285714285714285,0.0
Scott Tolzien,2010,,0,,,,,,,,,,,,,,,,,
Scott Tolzien,2011,,0,,,,,,,,,,,,,,,,,
Scott Tolzien,2012,11.0,0,,,,,,,,,,,,,,,,,
Scott Tolzien,2013,,3,11.0,30.0,18.333333333333332,239.0,0.3333333333333333,1.6666666666666667,0.0,1.6666666666666667,18.333333333333332,0.3333333333333333,0.0,0.0,0.0,0.0,0.0,0.0,0.0
Dominique Davis,2010,,0,,,,,,,,,,,,,,,,,
Dominique Davis,2011,,0,,,,,,,,,,,,,,,,,
Dominique Davis,2012,3.0,0,,,,,,,,,,,,,,,,,
Dominique Davis,2013,,1,3.0,7.0,5.0,34.0,0.0,0.0,1.0,0.0,0.0,0.0,0.0,0.0,0.0,0.0,0.0,0.0,0.0
Brock Osweiler,2010,,0,,,,,,,,,,,,,,,,,
Brock Osweiler,2011,,0,,,,,,,,,,,,,,,,,
Brock Osweiler,2012,3.0,0,,,,,,,,,,,,,,,,,
Brock Osweiler,2013,7.0,1,3.0,13.0,9.0,85.0,0.0,0.0,0.0,1.0,-1.0,0.0,0.0,0.0,0.0,0.0,0.0,0.0,0.0
Derek Carr,2010,,0,,,,,,,,,,,,,,,,,
Derek Carr,2011,,0,,,,,,,,,,,,,,,,,
Derek Carr,2012,,0,,,,,,,,,,,,,,,,,
Derek Carr,2013,14.0,0,,,,,,,,,,,,,,,,,
Austin Davis,2010,,0,,,,,,,,,,,,,,,,,
Austin Davis,2011,,0,,,,,,,,,,,,,,,,,
Austin Davis,2012,,0,,,,,,,,,,,,,,,,,
Austin Davis,2013,14.555555555555555,0,,,,,,,,,,,,,,,,,
Blake Bortles,2010,,0,,,,,,,,,,,,,,,,,
Blake Bortles,2011,,0,,,,,,,,,,,,,,,,,
Blake Bortles,2012,,0,,,,,,,,,,,,,,,,,
Blake Bortles,2013,12.714285714285714,0,,,,,,,,,,,,,,,,,
Teddy Bridgewater,2010,,0,,,,,,,,,,,,,,,,,
Teddy Bridgewater,2011,,0,,,,,,,,,,,,,,,,,
Teddy Bridgewater,2012,,0,,,,,,,,,,,,,,,,,
Teddy Bridgewater,2013,15.153846153846153,0,,,,,,,,,,,,,,,,,
Jimmy Garoppolo,2010,,0,,,,,,,,,,,,,,,,,
Jimmy Garoppolo,2011,,0,,,,,,,,,,,,,,,,,
Jimmy Garoppolo,2012,,0,,,,,,,,,,,,,,,,,
Jimmy Garoppolo,2013,6.0,0,,,,,,,,,,,,,,,,,
Logan Thomas,2010,,0,,,,,,,,,,,,,,,,,
Logan Thomas,2011,,0,,,,,,,,,,,,,,,,,
Logan Thomas,2012,,0,,,,,,,,,,,,,,,,,
Logan Thomas,2013,9.0,0,,,,,,,,,,,,,,,,,
Ryan Nassib,2010,,0,,,,,,,,,,,,,,,,,
Ryan Nassib,2011,,0,,,,,,,,,,,,,,,,,
Ryan Nassib,2012,,0,,,,,,,,,,,,,,,,,
Ryan Nassib,2013,2.0,0,,,,,,,,,,,,,,,,,
Zach Mettenberger,2010,,0,,,,,,,,,,,,,,,,,
Zach Mettenberger,2011,,0,,,,,,,,,,,,,,,,,
Zach Mettenberger,2012,,0,,,,,,,,,,,,,,,,,
Zach Mettenberger,2013,14.5,0,,,,,,,,,,,,,,,,,
Ryan Mallett,2010,,0,,,,,,,,,,,,,,,,,
Ryan Mallett,2011,,0,,,,,,,,,,,,,,,,,
Ryan Mallett,2012,,0,,,,,,,,,,,,,,,,,
Ryan Mallett,2013,11.5,0,,,,,,,,,,,,,,,,,
Johnny Manziel,2010,,0,,,,,,,,,,,,,,,,,
Johnny Manziel,2011,,0,,,,,,,,,,,,,,,,,
Johnny Manziel,2012,,0,,,,,,,,,,,,,,,,,
Johnny Manziel,2013,5.0,0,,,,,,,,,,,,,,,,,
Tom Savage,2010,,0,,,,,,,,,,,,,,,,,
Tom Savage,2011,,0,,,,,,,,,,,,,,,,,
Tom Savage,2012,,0,,,,,,,,,,,,,,,,,
Tom Savage,2013,2.0,0,,,,,,,,,,,,,,,,,
Connor Shaw,2010,,0,,,,,,,,,,,,,,,,,
Connor Shaw,2011,,0,,,,,,,,,,,,,,,,,
Connor Shaw,2012,,0,,,,,,,,,,,,,,,,,
Connor Shaw,2013,4.0,0,,,,,,,,,,,,,,,,,
